{
    "logistic_regression": {
        "auc_roc": 0.5,
        "f1_score": 0.060957332407556374,
        "accuracy": 0.03143681850139084,
        "precision": 0.03143681850139084,
        "recall": 1.0,
        "confusion_matrix": [
            [
                0,
                221800
            ],
            [
                0,
                7199
            ]
        ],
        "true_negatives": 0,
        "false_positives": 221800,
        "false_negatives": 0,
        "true_positives": 7199
    },
    "lightgbm": {
        "auc_roc": 0.8030030511576663,
        "f1_score": 0.14761659176305902,
        "accuracy": 0.7473919100083406,
        "precision": 0.08256684139386147,
        "recall": 0.6957910820947354,
        "confusion_matrix": [
            [
                166143,
                55657
            ],
            [
                2190,
                5009
            ]
        ],
        "true_negatives": 166143,
        "false_positives": 55657,
        "false_negatives": 2190,
        "true_positives": 5009
    }
}